Ds Município;Dose;Contagem de Id Vacinacao
BORÁ;2° Dose;40
NOVA CASTILHO;2° Dose;47
MESÓPOLIS;2° Dose;62
TRABIJU;2° Dose;51
SAGRES;2° Dose;51
PAULISTÂNIA;2° Dose;64
FERNÃO;2° Dose;60
BOREBI;2° Dose;54
URU;2° Dose;60
PRACINHA;2° Dose;78
UNIÃO PAULISTA;2° Dose;89
MACEDÔNIA;2° Dose;90
ESTRELA DO NORTE;2° Dose;69
CRUZÁLIA;2° DOSE;83
NOVAIS;2° Dose;60
ZACARIAS;2° Dose;61
BOM SUCESSO DE ITARARÉ;2° Dose;67
SÃO JOÃO DAS DUAS PONTES;2° Dose;52
SÃO JOÃO DE IRACEMA;2° Dose;86
DIRCE REIS;2° Dose;68
VITÓRIA BRASIL;2° Dose;76
SANTANA DA PONTE PENSA;2° Dose;46
BALBINOS;2° Dose;75
ASPÁSIA;2° Dose;99
GUARANI D'OESTE;2° Dose;92
SABINO;2° Dose;32
SANTA CRUZ DA ESPERANÇA;2° Dose;85
NANTES;2° Dose;100
BENTO DE ABREU;2° Dose;78
JUMIRIM;2° Dose;75
PARISI;2° Dose;82
SANTA SALETE;2° Dose;91
JOÃO RAMALHO;2° Dose;83
QUADRA;2° Dose;62
EMBAÚBA;2° Dose;80
BREJO ALEGRE;2° Dose;47
LUCIANÓPOLIS;2° Dose;61
NOVA GUATAPORANGA;2° Dose;81
ARAPEÍ;2° Dose;99
GABRIEL MONTEIRO;2° Dose;62
NOVA INDEPENDÊNCIA;2° Dose;94
SANTA CLARA D'OESTE;2° Dose;112
PONTES GESTAL;2° Dose;84
NOVA CANAÃ PAULISTA;2° Dose;67
ÓLEO;2° Dose;97
JÚLIO MESQUITA;2° Dose;76
TAQUARIVAÍ;2° Dose;95
AREIAS;2° Dose;132
MARINÓPOLIS;2° Dose;95
PLATINA;2° Dose;87
RUBIÁCEA;2° Dose;113
SANDOVALINA;2° Dose;94
NOVA LUZITÂNIA;2° Dose;83
QUEIROZ;2° Dose;110
CANAS;2° Dose;110
ITAPIRAPUÃ PAULISTA;2° Dose;80
TURIÚBA;2° Dose;126
MARABÁ PAULISTA;2° Dose;83
CANITAR;2° Dose;105
TAQUARAL;2° Dose;119
DOLCINÓPOLIS;2° Dose;110
ESPÍRITO SANTO DO TURVO;2° Dose;94
FLORÍNEA;2° Dose;124
LOURDES;2° Dose;96
ALVINLÂNDIA;2° Dose;87
PONTALINDA;2° Dose;84
CÁSSIA DOS COQUEIROS;2° Dose;113
PRESIDENTE ALVES;2° Dose;91
PRATÂNIA;2° Dose;95
SUZANÁPOLIS;2° Dose;81
ÁLVARO DE CARVALHO;2° Dose;92
RIFAINA;2° Dose;90
RIBEIRÃO CORRENTE;2° Dose;113
JERIQUARA;2° Dose;105
TORRE DE PEDRA;2° Dose;100
MARIÁPOLIS;2° Dose;133
ITAJU;2° Dose;134
NIPOÃ;2° Dose;76
MONÇÕES;2° Dose;104
SÃO JOÃO DO PAU D'ALHO;2° Dose;102
FLORA RICA;2° Dose;97
BARRA DO CHAPÉU;2° Dose;101
MOTUCA;2° DOSE;102
LUTÉCIA;2° Dose;123
PEDRANÓPOLIS;2° Dose;104
TEJUPÁ;2° Dose;94
TURMALINA;2° Dose;107
MOMBUCA;2° Dose;179
SANTA MERCEDES;2° Dose;107
ELISIÁRIO;2° Dose;121
PEDRINHAS PAULISTA;2° Dose;125
SÃO FRANCISCO;2° Dose;90
BARÃO DE ANTONINA;2° Dose;166
CÂNDIDO RODRIGUES;2° Dose;105
TIMBURI;2° Dose;106
SÃO JOSÉ DO BARREIRO;2° Dose;115
RUBINÉIA;2° Dose;144
MARAPOAMA;2° Dose;109
NARANDIBA;2° Dose;131
RIBEIRA;2° Dose;124
CAMPOS NOVOS PAULISTA;2° Dose;144
MIRA ESTRELA;2° Dose;128
REDENÇÃO DA SERRA;2° Dose;114
CAIABU;2° Dose;112
OSCAR BRESSANE;2° Dose;127
CORUMBATAÍ;2° Dose;126
JAMBEIRO;2° Dose;159
LAVRINHAS;2° Dose;128
PONGAÍ;2° Dose;121
SANTA RITA D'OESTE;2° Dose;99
ORINDIÚVA;2° Dose;188
UBARANA;2° Dose;135
SANTA ERNESTINA;2° Dose;104
LUPÉRCIO;2° Dose;140
SANTÓPOLIS DO AGUAPEÍ;2° Dose;146
GASTÃO VIDIGAL;2° Dose;114
PLANALTO;2° Dose;128
FLOREAL;2° Dose;112
ALAMBARI;2° Dose;120
RIBEIRÃO DOS ÍNDIOS;2° Dose;127
GUZOLÂNDIA;2° Dose;118
LUIZIÂNIA;2° Dose;113
GAVIÃO PEIXOTO;2° Dose;129
SARUTAIÁ;2° Dose;155
PARANAPUÃ;2° DOSE;143
SEBASTIANÓPOLIS DO SUL;2° DOSE;136
OCAUÇU;2° Dose;135
ALTAIR;2° Dose;175
ANHEMBI;2° Dose;115
SANTA MARIA DA SERRA;2° Dose;160
CABRÁLIA PAULISTA;2° Dose;126
SANTO EXPEDITO;2° Dose;132
EMILIANÓPOLIS;2° Dose;166
ITAPURA;2° Dose;130
MAGDA;2° Dose;118
ARAMINA;2° Dose;139
MONTEIRO LOBATO;2° Dose;140
UBIRAJARA;2° Dose;134
ONDA VERDE;2° Dose;144
ARCO-ÍRIS;2° Dose;232
INÚBIA PAULISTA;2° Dose;167
ANHUMAS;2° Dose;129
RESTINGA;2° Dose;165
ANALÂNDIA;2° Dose;111
GLICÉRIO;2° Dose;145
IPEÚNA;2° Dose;122
COROADOS;2° Dose;150
BORACÉIA;2° Dose;125
DOBRADA;2° Dose;155
IARAS;2° Dose;139
AREIÓPOLIS;2° Dose;226
ITAOCA;2° Dose;232
RIBEIRÃO DO SUL;2° Dose;139
MERIDIANO;2° Dose;186
RIVERSUL;2° Dose;133
SÃO JOSÉ DA BELA VISTA;2° Dose;179
MENDONÇA;2° Dose;235
MURUTINGA DO SUL;2° Dose;162
ADOLFO;2° Dose;167
SALMOURÃO;2° Dose;137
CAIUÁ;2° Dose;188
SÃO PEDRO DO TURVO;2° DOSE;138
PAULICÉIA;2° Dose;136
CORONEL MACEDO;2° Dose;190
IPIGUÁ;2° Dose;163
MONTE CASTELO;2° Dose;149
ITIRAPUÃ;2° Dose;147
ÁLVARES FLORENCE;2° Dose;114
NOVA CAMPINA;2° Dose;175
GUARANTÃ;2° Dose;192
ARANDU;2° Dose;137
TACIBA;2° Dose;151
BURITIZAL;2° Dose;220
CAMPINA DO MONTE ALEGRE;2° Dose;129
MIRASSOLÂNDIA;2° Dose;214
INDIANA;2° Dose;173
GUAIMBÊ;2° Dose;242
INDIAPORÃ;2° Dose;158
RIBEIRÃO GRANDE;2° Dose;142
PEDRA BELA;2° Dose;137
RAFARD;2° Dose;208
POPULINA;2° Dose;171
ALTO ALEGRE;2° Dose;216
SANTA LÚCIA;2° Dose;200
CLEMENTINA;2° Dose;213
LAVÍNIA;2° Dose;167
BARBOSA;2° Dose;240
ÁGUAS DE SANTA BÁRBARA;2° Dose;178
TARABAI;2° Dose;216
SILVEIRAS;2° Dose;175
IACRI;2° Dose;194
GUATAPARÁ;2° Dose;172
PARDINHO;2° Dose;194
PALMARES PAULISTA;2° Dose;223
PIQUEROBI;2° Dose;262
PIACATU;2° Dose;219
AMÉRICO DE CAMPOS;2° Dose;190
SALTO GRANDE;2° Dose;58
APARECIDA D'OESTE;2° Dose;249
TAPIRAÍ;2° Dose;209
VISTA ALEGRE DO ALTO;2° Dose;235
VARGEM;2° Dose;177
ALFREDO MARCONDES;2° Dose;207
SANTO ANTÔNIO DO PINHAL;2° Dose;242
COLÔMBIA;2° DOSE;275
RIOLÂNDIA;2° Dose;205
DUMONT;2° Dose;243
ESTIVA GERBI;2° DOSE;201
QUINTANA;2° Dose;237
SANTO ANTÔNIO DO JARDIM;2° Dose;178
CATIGUÁ;2° Dose;138
ECHAPORÃ;2° Dose;272
ORIENTE;2° Dose;221
BRAÚNA;2° Dose;263
LAGOINHA;2° Dose;252
IPORANGA;2° Dose;392
REGINÓPOLIS;2° Dose;216
SALES;2° Dose;225
SANTA CRUZ DA CONCEIÇÃO;2° Dose;269
RINÓPOLIS;2° Dose;275
PARAÍSO;2° Dose;265
ÁGUAS DE SÃO PEDRO;2° Dose;232
JABORANDI;2° Dose;284
SANTO ANTÔNIO DO ARACANGUÁ;2° Dose;269
SARAPUÍ;2° Dose;165
TRÊS FRONTEIRAS;2° Dose;242
LINDÓIA;2° Dose;208
PEREIRAS;2° Dose;192
ITOBI;2° Dose;256
EUCLIDES DA CUNHA PAULISTA;2° Dose;225
CRISTAIS PAULISTA;2° Dose;221
TUIUTI;2° Dose;172
ICÉM;2° Dose;253
LUÍS ANTÔNIO;2° Dose;280
GUAIÇARA;2° Dose;210
NATIVIDADE DA SERRA;2° Dose;313
TAIAÇU;2° Dose;297
NOVA ALIANÇA;2° Dose;291
IRAPURU;2° Dose;189
QUELUZ;2° Dose;269
NUPORANGA;2° Dose;277
PIQUETE;2° Dose;261
SANTA ALBERTINA;2° Dose;274
IRAPUÃ;2° Dose;304
FERNANDO PRESTES;2° Dose;250
POLONI;2° Dose;298
NOVA EUROPA;2° Dose;214
IBIRAREMA;2° Dose;307
HERCULÂNDIA;2° Dose;233
TAIÚVA;2° Dose;310
JACI;2° Dose;342
AVANHANDAVA;2° Dose;235
SANTO ANTÔNIO DA ALEGRIA;2° Dose;292
SALTINHO;2° Dose;277
BOFETE;2° Dose;202
PEDRO DE TOLEDO;2° Dose;269
GÁLIA;2° Dose;334
RINCÃO;2° Dose;292
SUD MENNUCCI;2° Dose;323
MONTE ALEGRE DO SUL;2° Dose;240
ROSEIRA;2° Dose;338
MANDURI;2° Dose;228
AVAÍ;2° Dose;509
SERRA AZUL;2° Dose;400
GUAREÍ;2° Dose;315
COSMORAMA;2° Dose;240
AREALVA;2° Dose;255
TAGUAÍ;2° Dose;260
ARIRANHA;2° Dose;376
IGARATÁ;2° Dose;321
DOURADO;2° Dose;309
COLINA;2° Dose;422
IEPÊ;2° Dose;305
CHAVANTES;2° Dose;268
VALENTIM GENTIL;2° Dose;325
PAULO DE FARIA;2° Dose;423
ÁGUAS DA PRATA;2° Dose;266
ALUMÍNIO;2° Dose;283
CAPELA DO ALTO;2° Dose;281
BILAC;2° Dose;323
MACAUBAL;2° Dose;330
BOCAINA;2° Dose;331
OURO VERDE;2° Dose;385
TARUMÃ;2° Dose;362
BOA ESPERANÇA DO SUL;2° Dose;299
TERRA ROXA;2° Dose;351
MINEIROS DO TIETÊ;2° Dose;281
SETE BARRAS;2° Dose;354
HOLAMBRA;2° Dose;302
PORANGABA;2° Dose;234
BÁLSAMO;2° Dose;415
GETULINA;2° Dose;440
ELIAS FAUSTO;2° Dose;308
GUARAÇAÍ;2° Dose;391
ARAÇARIGUAMA;2° Dose;314
SEVERÍNIA;2° Dose;434
IPUÃ;2° Dose;349
PIRAPORA DO BOM JESUS;2° Dose;424
ILHA COMPRIDA;2° Dose;284
SÃO BENTO DO SAPUCAÍ;2° Dose;345
ITAPUÍ;2° Dose;323
RIBEIRÃO BRANCO;2° Dose;318
ENGENHEIRO COELHO;2° Dose;428
CANANÉIA;2° Dose;354
IACANGA;2° Dose;295
BURI;2° Dose;288
SÃO LOURENÇO DA SERRA;2° Dose;290
MORUNGABA;2° Dose;304
SÃO LUIZ DO PARAITINGA;2° Dose;360
ESTRELA D'OESTE;2° Dose;393
CEDRAL;2° Dose;481
RIBEIRÃO BONITO;2° Dose;386
BARRA DO TURVO;2° Dose;533
GUARACI;2° Dose;449
CHARQUEADA;2° Dose;380
PRADÓPOLIS;2° Dose;318
SÃO SEBASTIÃO DA GRAMA;2° Dose;355
TORRINHA;2° Dose;389
OUROESTE;2° Dose;484
SALES OLIVEIRA;2° Dose;406
CAFELÂNDIA;2° DOSE;273
CAJOBI;2° Dose;492
SANTA BRANCA;2° Dose;374
BANANAL;2° Dose;440
PACAEMBU;2° Dose;274
POTIM;2° Dose;634
PIRANGI;2° Dose;361
ITIRAPINA;2° Dose;475
TABATINGA;2° Dose;395
TAPIRATIBA;2° Dose;422
QUATÁ;2° Dose;419
GUAPIARA;2° Dose;361
CARDOSO;2° Dose;389
SALESÓPOLIS;2° Dose;398
ITATINGA;2° Dose;366
PINHALZINHO;2° Dose;344
MARACAÍ;2° Dose;481
PARAPUÃ;2° Dose;367
PANORAMA;2° Dose;382
IPAUSSU;2° Dose;434
URÂNIA;2° Dose;520
JACUPIRANGA;2° Dose;424
CESÁRIO LANGE;2° Dose;359
SÃO SIMÃO;2° Dose;440
PATROCÍNIO PAULISTA;2° Dose;438
VERA CRUZ;2° Dose;431
ITARIRI;2° Dose;476
NEVES PAULISTA;2° Dose;454
FLÓRIDA PAULISTA;2° Dose;511
PALMEIRA D'OESTE;2° Dose;502
PEDREGULHO;2° Dose;471
JOANÓPOLIS;2° Dose;415
BERNARDINO DE CAMPOS;2° Dose;406
UCHOA;2° Dose;482
URUPÊS;2° Dose;522
BADY BASSITT;2° Dose;672
BURITAMA;2° Dose;488
PALESTINA;2° Dose;419
IGARAÇU DO TIETÊ;2° Dose;308
ITABERÁ;2° Dose;373
ALTINÓPOLIS;2° Dose;472
IBIRÁ;2° Dose;451
MACATUBA;2° Dose;521
GENERAL SALGADO;2° Dose;452
TABAPUÃ;2° Dose;551
SANTA GERTRUDES;2° Dose;541
JUQUIÁ;2° Dose;370
PARAIBUNA;2° Dose;448
PARANAPANEMA;2° Dose;499
ITAPORANGA;2° Dose;457
BORBOREMA;2° Dose;408
NAZARÉ PAULISTA;2° Dose;355
AURIFLAMA;2° Dose;466
SANTO ANTÔNIO DE POSSE;2° Dose;588
DUARTINA;2° Dose;473
MIRACATU;2° Dose;575
BOM JESUS DOS PERDÕES;2° Dose;383
IRACEMÁPOLIS;2° Dose;529
ÁGUAS DE LINDÓIA;2° Dose;418
NHANDEARA;2° Dose;578
SANTA ROSA DE VITERBO;2° Dose;435
VIRADOURO;2° Dose;410
IPERÓ;2° Dose;517
GUAPIAÇU;2° Dose;608
PIRATININGA;2° Dose;668
CONCHAS;2° Dose;483
ANGATUBA;2° Dose;484
REGENTE FEIJÓ;2° Dose;476
MONTE AZUL PAULISTA;2° Dose;581
FARTURA;2° Dose;532
CORDEIRÓPOLIS;2° Dose;421
SANTA ADÉLIA;2° Dose;663
MIRANTE DO PARANAPANEMA;2° Dose;600
ITAJOBI;2° Dose;535
DIVINOLÂNDIA;2° Dose;626
CERQUEIRA CÉSAR;2° Dose;544
CACONDE;2° DOSE;459
TEODORO SAMPAIO;2° Dose;551
APIAÍ;2° Dose;584
ITAÍ;2° Dose;526
CASTILHO;2° Dose;626
PINDORAMA;2° Dose;680
ROSANA;2° Dose;564
BARRINHA;2° Dose;663
MIGUELÓPOLIS;2° Dose;585
CAJATI;2° Dose;609
BASTOS;2° Dose;632
POTIRENDABA;2° Dose;710
CONCHAL;2° Dose;697
CUNHA;2° Dose;557
SERRANA;2° Dose;1022
CAJURU;2° Dose;732
BROTAS;2° Dose;585
IBATÉ;2° Dose;570
NOVA GRANADA;2° Dose;713
PRESIDENTE BERNARDES;2° Dose;703
TAMBAÚ;2° Dose;714
JARINU;2° Dose;693
LUCÉLIA;2° Dose;911
CRAVINHOS;2° Dose;660
PIRAJUÍ;2° Dose;647
GUARÁ;2° Dose;745
PIRAPOZINHO;2° Dose;659
BIRITIBA MIRIM;2° Dose;640
CABREÚVA;2° Dose;770
VALPARAÍSO;2° Dose;799
SANTO ANASTÁCIO;2° Dose;845
PILAR DO SUL;2° Dose;667
RIO GRANDE DA SERRA;2° Dose;936
TUPI PAULISTA;2° Dose;806
BRODOWSKI;2° Dose;953
ÁLVARES MACHADO;2° Dose;620
GUARIBA;2° Dose;715
TAQUARITUBA;2° Dose;773
JUNQUEIRÓPOLIS;2° Dose;754
RIO DAS PEDRAS;2° Dose;801
ORLÂNDIA;2° Dose;1089
PIRACAIA;2° Dose;669
MORRO AGUDO;2° Dose;883
PONTAL;2° Dose;822
MARTINÓPOLIS;2° Dose;688
DOIS CÓRREGOS;2° Dose;810
ARAÇOIABA DA SERRA;2° Dose;660
LARANJAL PAULISTA;2° Dose;848
GUARAREMA;2° Dose;733
JUQUITIBA;2° Dose;877
PITANGUEIRAS;2° Dose;1040
SÃO MIGUEL ARCANJO;2° Dose;681
IGARAPAVA;2° Dose;804
POMPÉIA;2° Dose;879
ILHABELA;2° Dose;1051
CERQUILHO;2° Dose;919
PALMITAL;2° Dose;928
AGUAÍ;2° Dose;917
PARIQUERA-AÇU;2° Dose;1100
MONTE APRAZÍVEL;2° Dose;1070
LOUVEIRA;2° Dose;954
PEREIRA BARRETO;2° Dose;863
PIEDADE;2° Dose;363
SANTA CRUZ DAS PALMEIRAS;2° Dose;1052
APARECIDA;2° Dose;1080
VARGEM GRANDE PAULISTA;2° Dose;1051
JARDINÓPOLIS;2° Dose;1051
ELDORADO;2° Dose;1491
ITUPEVA;2° Dose;941
IGUAPE;2° Dose;900
MIRANDÓPOLIS;2° Dose;1217
CACHOEIRA PAULISTA;2° Dose;927
CASA BRANCA;2° Dose;1168
SÃO PEDRO;2° Dose;903
CÂNDIDO MOTA;2° Dose;1082
RANCHARIA;2° Dose;950
SÃO MANUEL;2° Dose;848
ILHA SOLTEIRA;2° Dose;968
TANABI;2° Dose;1167
PARAGUAÇU PAULISTA;2° Dose;1088
ITARARÉ;2° Dose;977
GUARARAPES;2° Dose;1112
ITUVERAVA;2° Dose;1338
BOITUVA;2° Dose;1054
PROMISSÃO;2° Dose;1141
PIRAJU;2° Dose;991
AMÉRICO BRASILIENSE;2° Dose;1361
GUAÍRA;2° Dose;1260
SERRA NEGRA;2° Dose;1083
CAPÃO BONITO;2° Dose;907
SANTA RITA DO PASSA QUATRO;2° Dose;1167
TIETÊ;2° Dose;1155
MONTE MOR;2° Dose;837
NOVA ODESSA;2° Dose;1027
BARIRI;2° Dose;1144
MAIRINQUE;2° Dose;1066
PEDERNEIRAS;2° Dose;1165
JOSÉ BONIFÁCIO;2° Dose;1376
COSMÓPOLIS;2° Dose;967
SALTO DE PIRAPORA;2° Dose;1227
ARTUR NOGUEIRA;2° Dose;1077
PRESIDENTE EPITÁCIO;2° Dose;1085
BERTIOGA;2° Dose;1368
JAGUARIÚNA;2° Dose;1223
OSVALDO CRUZ;2° Dose;1675
CAMPOS DO JORDÃO;2° Dose;1384
CAJAMAR;2° Dose;1039
BARRA BONITA;2° Dose;1248
PORTO FELIZ;2° Dose;1278
DESCALVADO;2° Dose;1222
PEDREIRA;2° Dose;1209
SANTA ISABEL;2° Dose;1281
ITÁPOLIS;2° Dose;1377
AGUDOS;2° Dose;1526
CAMPO LIMPO PAULISTA;2° Dose;1520
TREMEMBÉ;2° Dose;1947
CAPIVARI;2° Dose;1528
NOVO HORIZONTE;2° Dose;1677
BATATAIS;2° Dose;1852
SOCORRO;2° Dose;1128
GARÇA;2° Dose;1712
IBIÚNA;2° Dose;1577
MONGAGUÁ;2° Dose;1068
JANDIRA;2° Dose;1835
SÃO JOAQUIM DA BARRA;2° Dose;2116
PORTO FERREIRA;2° Dose;1203
ARUJÁ;2° Dose;1718
SANTA CRUZ DO RIO PARDO;2° Dose;1547
SANTA FÉ DO SUL;2° Dose;1799
VARGEM GRANDE DO SUL;2° Dose;2064
VOTORANTIM;2° Dose;2181
PRESIDENTE VENCESLAU;2° Dose;1748
ESPÍRITO SANTO DO PINHAL;2° Dose;1829
ADAMANTINA;2° Dose;1879
EMBU-GUAÇU;2° Dose;2100
SÃO JOSÉ DO RIO PARDO;2° Dose;1484
VÁRZEA PAULISTA;2° Dose;1483
LENÇÓIS PAULISTA;2° Dose;1666
IBITINGA;2° Dose;1817
MONTE ALTO;2° Dose;1932
MIRASSOL;2° Dose;1610
ITAPIRA;2° Dose;2424
REGISTRO;2° Dose;2127
SÃO SEBASTIÃO;2° Dose;2177
VINHEDO;2° Dose;2216
OLÍMPIA;2° Dose;2087
PERUÍBE;2° Dose;1613
CRUZEIRO;2° Dose;2182
POÁ;2° Dose;2838
ANDRADINA;2° Dose;2343
MAIRIPORÃ;2° Dose;1754
TAQUARITINGA;2° Dose;2335
BEBEDOURO;2° Dose;2026
CAIEIRAS;2° Dose;2068
CAÇAPAVA;2° Dose;2275
LORENA;2° Dose;2492
UBATUBA;2° Dose;2498
MATÃO;2° Dose;2313
SÃO ROQUE;2° Dose;2178
JALES;2° Dose;2416
DRACENA;2° Dose;2795
AMPARO;2° Dose;2409
PAULÍNIA;2° Dose;2151
MOCOCA;2° Dose;2398
PENÁPOLIS;2° Dose;2564
SANTANA DE PARNAÍBA;2° Dose;2483
JABOTICABAL;2° Dose;2829
ITAPEVA;2° Dose;2632
SALTO;2° Dose;3328
TUPÃ;2° Dose;2795
FRANCISCO MORATO;2° Dose;2772
CUBATÃO;2° Dose;2697
FERRAZ DE VASCONCELOS;2° Dose;3292
VALINHOS;2° Dose;2658
PIRASSUNUNGA;2° Dose;3141
LEME;2° Dose;3120
LINS;2° Dose;3329
SERTÃOZINHO;2° Dose;3752
BIRIGUI;2° Dose;2585
AVARÉ;2° Dose;3134
ITAPECERICA DA SERRA;2° Dose;3613
ITATIBA;2° Dose;3172
CARAGUATATUBA;2° Dose;3676
ITAPEVI;2° Dose;3526
MOGI MIRIM;2° Dose;3522
ITANHAÉM;2° Dose;3835
GUARATINGUETÁ;2° Dose;3737
FERNANDÓPOLIS;2° Dose;4264
RIBEIRÃO PIRES;2° Dose;4602
FRANCO DA ROCHA;2° Dose;3507
TATUÍ;2° Dose;3714
ITAQUAQUECETUBA;2° Dose;3797
COTIA;2° Dose;4525
ARARAS;2° Dose;4038
EMBU DAS ARTES;2° Dose;5553
OURINHOS;2° Dose;4121
ASSIS;2° Dose;4833
HORTOLÂNDIA;2° Dose;4662
PINDAMONHANGABA;2° Dose;4444
SANTA BÁRBARA D'OESTE;2° Dose;3968
VOTUPORANGA;2° Dose;4551
SÃO JOÃO DA BOA VISTA;2° Dose;4742
MOGI GUAÇU;2° Dose;4604
ITU;2° Dose;5039
ATIBAIA;2° Dose;5471
JAÚ;2° Dose;5908
BARRETOS;2° Dose;6308
ITAPETININGA;2° Dose;5768
BRAGANÇA PAULISTA;2° Dose;5956
CATANDUVA;2° Dose;7249
AMERICANA;2° Dose;6967
SUMARÉ;2° Dose;6136
CARAPICUÍBA;2° Dose;5869
TABOÃO DA SERRA;2° Dose;7441
LIMEIRA;2° Dose;4552
BOTUCATU;2° Dose;7043
SUZANO;2° Dose;6556
INDAIATUBA;2° Dose;6228
BARUERI;2° Dose;8627
GUARUJÁ;2° Dose;5803
JACAREÍ;2° Dose;8151
TAUBATÉ;2° Dose;5489
ARAÇATUBA;2° Dose;8510
RIO CLARO;2° Dose;8721
PRAIA GRANDE;2° Dose;7835
FRANCA;2° Dose;7102
DIADEMA;2° Dose;8966
MARÍLIA;2° Dose;10502
PRESIDENTE PRUDENTE;2° Dose;9763
SÃO CARLOS;2° Dose;9001
MAUÁ;2° Dose;12156
SÃO CAETANO DO SUL;2° Dose;11114
SÃO VICENTE;2° Dose;9987
ARARAQUARA;2° Dose;10442
MOGI DAS CRUZES;2° Dose;12147
PIRACICABA;2° Dose;12597
JUNDIAÍ;2° Dose;12209
SOROCABA;2° Dose;16714
OSASCO;2° Dose;13790
BAURU;2° Dose;19724
SÃO JOSÉ DO RIO PRETO;2° Dose;24059
SÃO JOSÉ DOS CAMPOS;2° Dose;22100
RIBEIRÃO PRETO;2° Dose;25252
SANTOS;2° Dose;26903
GUARULHOS;2° Dose;28339
SANTO ANDRÉ;2° Dose;27354
SÃO BERNARDO DO CAMPO;2° Dose;25445
CAMPINAS;2° Dose;41739
SÃO PAULO;2° Dose;442802
BORÁ;1° DOSE;134
NOVA CASTILHO;1° Dose;140
MESÓPOLIS;1° Dose;134
TRABIJU;1° Dose;192
SAGRES;1° Dose;207
PAULISTÂNIA;1° DOSE;210
FERNÃO;1° Dose;223
BOREBI;1° Dose;238
URU;1° DOSE;234
PRACINHA;1° Dose;218
UNIÃO PAULISTA;1° Dose;211
MACEDÔNIA;1° Dose;212
ESTRELA DO NORTE;1° Dose;242
CRUZÁLIA;1° Dose;236
NOVAIS;1° Dose;262
ZACARIAS;1° Dose;264
BOM SUCESSO DE ITARARÉ;1° Dose;260
SÃO JOÃO DAS DUAS PONTES;1° Dose;279
SÃO JOÃO DE IRACEMA;1° Dose;247
DIRCE REIS;1° Dose;266
VITÓRIA BRASIL;1° Dose;261
SANTANA DA PONTE PENSA;1° Dose;295
BALBINOS;1° Dose;269
ASPÁSIA;1° Dose;257
GUARANI D'OESTE;1° Dose;269
SABINO;1° Dose;329
SANTA CRUZ DA ESPERANÇA;1° Dose;278
NANTES;1° Dose;266
BENTO DE ABREU;1° Dose;289
JUMIRIM;1° Dose;295
PARISI;1° Dose;295
SANTA SALETE;1° Dose;287
JOÃO RAMALHO;1° Dose;297
QUADRA;1° Dose;319
EMBAÚBA;1° Dose;314
BREJO ALEGRE;1° Dose;348
LUCIANÓPOLIS;1° Dose;334
NOVA GUATAPORANGA;1° Dose;315
ARAPEÍ;1° Dose;299
GABRIEL MONTEIRO;1° Dose;336
NOVA INDEPENDÊNCIA;1° Dose;304
SANTA CLARA D'OESTE;1° Dose;287
PONTES GESTAL;1° Dose;316
NOVA CANAÃ PAULISTA;1° Dose;337
ÓLEO;1° Dose;307
JÚLIO MESQUITA;1° Dose;330
TAQUARIVAÍ;1° Dose;312
AREIAS;1° Dose;277
MARINÓPOLIS;1° Dose;316
PLATINA;1° Dose;325
RUBIÁCEA;1° Dose;310
SANDOVALINA;1° Dose;329
NOVA LUZITÂNIA;1° Dose;346
QUEIROZ;1° Dose;319
CANAS;1° Dose;323
ITAPIRAPUÃ PAULISTA;1° Dose;357
TURIÚBA;1° Dose;314
MARABÁ PAULISTA;1° Dose;366
CANITAR;1° Dose;345
TAQUARAL;1° Dose;332
DOLCINÓPOLIS;1° Dose;344
ESPÍRITO SANTO DO TURVO;1° Dose;361
FLORÍNEA;1° Dose;333
LOURDES;1° Dose;364
ALVINLÂNDIA;1° Dose;375
PONTALINDA;1° Dose;379
CÁSSIA DOS COQUEIROS;1° Dose;354
PRESIDENTE ALVES;1° Dose;376
PRATÂNIA;1° Dose;373
SUZANÁPOLIS;1° Dose;388
ÁLVARO DE CARVALHO;1° Dose;378
RIFAINA;1° Dose;383
RIBEIRÃO CORRENTE;1° Dose;362
JERIQUARA;1° Dose;372
TORRE DE PEDRA;1° Dose;377
MARIÁPOLIS;1° Dose;346
ITAJU;1° Dose;346
NIPOÃ;1° Dose;404
MONÇÕES;1° Dose;378
SÃO JOÃO DO PAU D'ALHO;1° Dose;381
FLORA RICA;1° Dose;393
BARRA DO CHAPÉU;1° Dose;390
MOTUCA;1° Dose;398
LUTÉCIA;1° Dose;378
PEDRANÓPOLIS;1° Dose;397
TEJUPÁ;1° Dose;410
TURMALINA;1° Dose;399
MOMBUCA;1° Dose;332
SANTA MERCEDES;1° Dose;404
ELISIÁRIO;1° Dose;399
PEDRINHAS PAULISTA;1° Dose;397
SÃO FRANCISCO;1° Dose;432
BARÃO DE ANTONINA;1° Dose;374
CÂNDIDO RODRIGUES;1° Dose;438
TIMBURI;1° Dose;437
SÃO JOSÉ DO BARREIRO;1° Dose;430
RUBINÉIA;1° Dose;405
MARAPOAMA;1° Dose;442
NARANDIBA;1° Dose;420
RIBEIRA;1° Dose;430
CAMPOS NOVOS PAULISTA;1° Dose;413
MIRA ESTRELA;1° Dose;429
REDENÇÃO DA SERRA;1° Dose;445
CAIABU;1° Dose;449
OSCAR BRESSANE;1° Dose;434
CORUMBATAÍ;1° Dose;436
JAMBEIRO;1° Dose;403
LAVRINHAS;1° Dose;434
PONGAÍ;1° Dose;442
SANTA RITA D'OESTE;1° Dose;464
ORINDIÚVA;1° Dose;382
UBARANA;1° Dose;440
SANTA ERNESTINA;1° Dose;480
LUPÉRCIO;1° Dose;449
SANTÓPOLIS DO AGUAPEÍ;1° Dose;445
GASTÃO VIDIGAL;1° Dose;479
PLANALTO;1° Dose;466
FLOREAL;1° Dose;483
ALAMBARI;1° Dose;476
RIBEIRÃO DOS ÍNDIOS;1° Dose;470
GUZOLÂNDIA;1° Dose;480
LUIZIÂNIA;1° Dose;486
GAVIÃO PEIXOTO;1° Dose;472
SARUTAIÁ;1° Dose;447
PARANAPUÃ;1° Dose;463
SEBASTIANÓPOLIS DO SUL;1° Dose;471
OCAUÇU;1° Dose;473
ALTAIR;1° Dose;435
ANHEMBI;1° Dose;498
SANTA MARIA DA SERRA;1° Dose;453
CABRÁLIA PAULISTA;1° Dose;492
SANTO EXPEDITO;1° Dose;486
EMILIANÓPOLIS;1° Dose;453
ITAPURA;1° Dose;490
MAGDA;1° Dose;502
ARAMINA;1° Dose;484
MONTEIRO LOBATO;1° Dose;483
UBIRAJARA;1° Dose;490
ONDA VERDE;1° Dose;483
ARCO-ÍRIS;1° Dose;401
INÚBIA PAULISTA;1° Dose;470
ANHUMAS;1° Dose;522
RESTINGA;1° Dose;489
ANALÂNDIA;1° Dose;550
GLICÉRIO;1° Dose;517
IPEÚNA;1° Dose;545
COROADOS;1° Dose;518
BORACÉIA;1° Dose;544
DOBRADA;1° Dose;522
IARAS;1° Dose;538
AREIÓPOLIS;1° Dose;461
ITAOCA;1° Dose;460
RIBEIRÃO DO SUL;1° Dose;555
MERIDIANO;1° Dose;509
RIVERSUL;1° Dose;562
SÃO JOSÉ DA BELA VISTA;1° Dose;517
MENDONÇA;1° Dose;480
MURUTINGA DO SUL;1° Dose;555
ADOLFO;1° Dose;552
SALMOURÃO;1° Dose;592
CAIUÁ;1° Dose;562
SÃO PEDRO DO TURVO;1° Dose;612
PAULICÉIA;1° Dose;621
CORONEL MACEDO;1° Dose;581
IPIGUÁ;1° Dose;608
MONTE CASTELO;1° Dose;624
ITIRAPUÃ;1° Dose;635
ÁLVARES FLORENCE;1° Dose;672
NOVA CAMPINA;1° Dose;617
GUARANTÃ;1° Dose;601
ARANDU;1° Dose;662
TACIBA;1° Dose;656
BURITIZAL;1° Dose;592
CAMPINA DO MONTE ALEGRE;1° Dose;683
MIRASSOLÂNDIA;1° Dose;602
INDIANA;1° Dose;644
GUAIMBÊ;1° Dose;578
INDIAPORÃ;1° Dose;667
RIBEIRÃO GRANDE;1° Dose;687
PEDRA BELA;1° Dose;711
RAFARD;1° Dose;640
POPULINA;1° Dose;682
ALTO ALEGRE;1° Dose;649
SANTA LÚCIA;1° Dose;674
CLEMENTINA;1° Dose;679
LAVÍNIA;1° Dose;725
BARBOSA;1° Dose;653
ÁGUAS DE SANTA BÁRBARA;1° Dose;718
TARABAI;1° Dose;680
SILVEIRAS;1° Dose;722
IACRI;1° Dose;705
GUATAPARÁ;1° Dose;730
PARDINHO;1° Dose;709
PALMARES PAULISTA;1° Dose;682
PIQUEROBI;1° Dose;657
PIACATU;1° Dose;710
AMÉRICO DE CAMPOS;1° Dose;744
SALTO GRANDE;1° Dose;888
APARECIDA D'OESTE;1° Dose;699
TAPIRAÍ;1° Dose;741
VISTA ALEGRE DO ALTO;1° Dose;722
VARGEM;1° Dose;785
ALFREDO MARCONDES;1° Dose;757
SANTO ANTÔNIO DO PINHAL;1° Dose;736
COLÔMBIA;1° Dose;706
RIOLÂNDIA;1° Dose;776
DUMONT;1° Dose;745
ESTIVA GERBI;1° Dose;789
QUINTANA;1° Dose;755
SANTO ANTÔNIO DO JARDIM;1° Dose;816
CATIGUÁ;1° Dose;860
ECHAPORÃ;1° Dose;727
ORIENTE;1° Dose;782
BRAÚNA;1° Dose;741
LAGOINHA;1° Dose;755
IPORANGA;1° Dose;622
REGINÓPOLIS;1° Dose;808
SALES;1° Dose;801
SANTA CRUZ DA CONCEIÇÃO;1° Dose;759
RINÓPOLIS;1° Dose;762
PARAÍSO;1° Dose;773
ÁGUAS DE SÃO PEDRO;1° Dose;813
JABORANDI;1° Dose;763
SANTO ANTÔNIO DO ARACANGUÁ;1° Dose;780
SARAPUÍ;1° Dose;884
TRÊS FRONTEIRAS;1° Dose;807
LINDÓIA;1° Dose;854
PEREIRAS;1° Dose;876
ITOBI;1° Dose;813
EUCLIDES DA CUNHA PAULISTA;1° Dose;851
CRISTAIS PAULISTA;1° Dose;862
TUIUTI;1° Dose;911
ICÉM;1° Dose;834
LUÍS ANTÔNIO;1° Dose;807
GUAIÇARA;1° Dose;880
NATIVIDADE DA SERRA;1° Dose;780
TAIAÇU;1° Dose;797
NOVA ALIANÇA;1° Dose;828
IRAPURU;1° Dose;936
QUELUZ;1° Dose;869
NUPORANGA;1° Dose;862
PIQUETE;1° Dose;882
SANTA ALBERTINA;1° Dose;870
IRAPUÃ;1° Dose;844
FERNANDO PRESTES;1° Dose;902
POLONI;1° Dose;857
NOVA EUROPA;1° Dose;952
IBIRAREMA;1° Dose;864
HERCULÂNDIA;1° Dose;948
TAIÚVA;1° Dose;876
JACI;1° Dose;849
AVANHANDAVA;1° Dose;966
SANTO ANTÔNIO DA ALEGRIA;1° Dose;932
SALTINHO;1° Dose;948
BOFETE;1° Dose;1068
PEDRO DE TOLEDO;1° Dose;1027
GÁLIA;1° Dose;963
RINCÃO;1° Dose;1005
SUD MENNUCCI;1° Dose;990
MONTE ALEGRE DO SUL;1° Dose;1076
ROSEIRA;1° Dose;1007
MANDURI;1° Dose;1119
AVAÍ;1° Dose;841
SERRA AZUL;1° Dose;950
GUAREÍ;1° Dose;1042
COSMORAMA;1° Dose;1119
AREALVA;1° Dose;1105
TAGUAÍ;1° Dose;1103
ARIRANHA;1° Dose;1003
IGARATÁ;1° Dose;1058
DOURADO;1° Dose;1074
COLINA;1° Dose;962
IEPÊ;1° Dose;1081
CHAVANTES;1° Dose;1120
VALENTIM GENTIL;1° Dose;1072
PAULO DE FARIA;1° Dose;1005
ÁGUAS DA PRATA;1° Dose;1167
ALUMÍNIO;1° Dose;1166
CAPELA DO ALTO;1° Dose;1184
BILAC;1° Dose;1151
MACAUBAL;1° Dose;1145
BOCAINA;1° Dose;1157
OURO VERDE;1° Dose;1103
TARUMÃ;1° Dose;1127
BOA ESPERANÇA DO SUL;1° Dose;1201
TERRA ROXA;1° Dose;1152
MINEIROS DO TIETÊ;1° Dose;1231
SETE BARRAS;1° Dose;1161
HOLAMBRA;1° Dose;1219
PORANGABA;1° Dose;1289
BÁLSAMO;1° Dose;1111
GETULINA;1° Dose;1102
ELIAS FAUSTO;1° Dose;1244
GUARAÇAÍ;1° Dose;1162
ARAÇARIGUAMA;1° Dose;1253
SEVERÍNIA;1° Dose;1137
IPUÃ;1° Dose;1232
PIRAPORA DO BOM JESUS;1° Dose;1160
ILHA COMPRIDA;1° Dose;1301
SÃO BENTO DO SAPUCAÍ;1° Dose;1240
ITAPUÍ;1° Dose;1264
RIBEIRÃO BRANCO;1° Dose;1270
ENGENHEIRO COELHO;1° Dose;1166
CANANÉIA;1° Dose;1242
IACANGA;1° Dose;1313
BURI;1° Dose;1326
SÃO LOURENÇO DA SERRA;1° Dose;1328
MORUNGABA;1° Dose;1337
SÃO LUIZ DO PARAITINGA;1° Dose;1281
ESTRELA D'OESTE;1° Dose;1257
CEDRAL;1° Dose;1175
RIBEIRÃO BONITO;1° Dose;1281
BARRA DO TURVO;1° Dose;1147
GUARACI;1° Dose;1237
CHARQUEADA;1° Dose;1307
PRADÓPOLIS;1° Dose;1371
SÃO SEBASTIÃO DA GRAMA;1° Dose;1336
TORRINHA;1° Dose;1317
OUROESTE;1° Dose;1229
SALES OLIVEIRA;1° Dose;1329
CAFELÂNDIA;1° Dose;1471
CAJOBI;1° Dose;1258
SANTA BRANCA;1° Dose;1427
BANANAL;1° Dose;1362
PACAEMBU;1° Dose;1531
POTIM;1° Dose;1174
PIRANGI;1° Dose;1455
ITIRAPINA;1° Dose;1348
TABATINGA;1° Dose;1435
TAPIRATIBA;1° Dose;1408
QUATÁ;1° Dose;1413
GUAPIARA;1° Dose;1474
CARDOSO;1° Dose;1461
SALESÓPOLIS;1° Dose;1454
ITATINGA;1° Dose;1505
PINHALZINHO;1° Dose;1535
MARACAÍ;1° Dose;1400
PARAPUÃ;1° Dose;1517
PANORAMA;1° Dose;1505
IPAUSSU;1° Dose;1455
URÂNIA;1° Dose;1370
JACUPIRANGA;1° Dose;1471
CESÁRIO LANGE;1° Dose;1542
SÃO SIMÃO;1° Dose;1465
PATROCÍNIO PAULISTA;1° Dose;1470
VERA CRUZ;1° Dose;1492
ITARIRI;1° Dose;1466
NEVES PAULISTA;1° Dose;1496
FLÓRIDA PAULISTA;1° Dose;1446
PALMEIRA D'OESTE;1° Dose;1461
PEDREGULHO;1° Dose;1511
JOANÓPOLIS;1° Dose;1582
BERNARDINO DE CAMPOS;1° Dose;1592
UCHOA;1° Dose;1527
URUPÊS;1° Dose;1490
BADY BASSITT;1° Dose;1344
BURITAMA;1° Dose;1530
PALESTINA;1° Dose;1599
IGARAÇU DO TIETÊ;1° Dose;1720
ITABERÁ;1° Dose;1675
ALTINÓPOLIS;1° Dose;1580
IBIRÁ;1° Dose;1612
MACATUBA;1° Dose;1553
GENERAL SALGADO;1° Dose;1630
TABAPUÃ;1° Dose;1542
SANTA GERTRUDES;1° Dose;1557
JUQUIÁ;1° Dose;1745
PARAIBUNA;1° Dose;1668
PARANAPANEMA;1° Dose;1621
ITAPORANGA;1° Dose;1687
BORBOREMA;1° Dose;1739
NAZARÉ PAULISTA;1° Dose;1830
AURIFLAMA;1° Dose;1726
SANTO ANTÔNIO DE POSSE;1° Dose;1621
DUARTINA;1° Dose;1811
MIRACATU;1° Dose;1744
BOM JESUS DOS PERDÕES;1° Dose;1945
IRACEMÁPOLIS;1° Dose;1808
ÁGUAS DE LINDÓIA;1° Dose;1920
NHANDEARA;1° Dose;1763
SANTA ROSA DE VITERBO;1° Dose;1911
VIRADOURO;1° Dose;1938
IPERÓ;1° Dose;1854
GUAPIAÇU;1° Dose;1765
PIRATININGA;1° Dose;1777
CONCHAS;1° Dose;1963
ANGATUBA;1° Dose;1986
REGENTE FEIJÓ;1° Dose;1994
MONTE AZUL PAULISTA;1° Dose;1920
FARTURA;1° Dose;1974
CORDEIRÓPOLIS;1° Dose;2139
SANTA ADÉLIA;1° Dose;1916
MIRANTE DO PARANAPANEMA;1° Dose;2019
ITAJOBI;1° Dose;2112
DIVINOLÂNDIA;1° Dose;2031
CERQUEIRA CÉSAR;1° Dose;2129
CACONDE;1° Dose;2225
TEODORO SAMPAIO;1° Dose;2140
APIAÍ;1° Dose;2111
ITAÍ;1° Dose;2192
CASTILHO;1° Dose;2100
PINDORAMA;1° Dose;2091
ROSANA;1° Dose;2231
BARRINHA;1° Dose;2133
MIGUELÓPOLIS;1° Dose;2219
CAJATI;1° Dose;2198
BASTOS;1° Dose;2237
POTIRENDABA;1° Dose;2164
CONCHAL;1° Dose;2178
CUNHA;1° Dose;2327
SERRANA;1° Dose;1899
CAJURU;1° Dose;2234
BROTAS;1° Dose;2396
IBATÉ;1° Dose;2421
NOVA GRANADA;1° Dose;2286
PRESIDENTE BERNARDES;1° Dose;2300
TAMBAÚ;1° Dose;2294
JARINU;1° Dose;2329
LUCÉLIA;1° Dose;2138
CRAVINHOS;1° Dose;2432
PIRAJUÍ;1° Dose;2456
GUARÁ;1° Dose;2371
PIRAPOZINHO;1° Dose;2459
BIRITIBA MIRIM;1° Dose;2510
CABREÚVA;1° Dose;2399
VALPARAÍSO;1° Dose;2385
SANTO ANASTÁCIO;1° Dose;2366
PILAR DO SUL;1° Dose;2578
RIO GRANDE DA SERRA;1° Dose;2318
TUPI PAULISTA;1° Dose;2459
BRODOWSKI;1° Dose;2339
ÁLVARES MACHADO;1° Dose;2678
GUARIBA;1° Dose;2598
TAQUARITUBA;1° Dose;2559
JUNQUEIRÓPOLIS;1° Dose;2629
RIO DAS PEDRAS;1° Dose;2643
ORLÂNDIA;1° Dose;2372
PIRACAIA;1° Dose;2807
MORRO AGUDO;1° Dose;2601
PONTAL;1° Dose;2671
MARTINÓPOLIS;1° Dose;2870
DOIS CÓRREGOS;1° Dose;2752
ARAÇOIABA DA SERRA;1° Dose;2943
LARANJAL PAULISTA;1° Dose;2758
GUARAREMA;1° Dose;2876
JUQUITIBA;1° Dose;2744
PITANGUEIRAS;1° Dose;2592
SÃO MIGUEL ARCANJO;1° Dose;2967
IGARAPAVA;1° Dose;2860
POMPÉIA;1° Dose;2861
ILHABELA;1° Dose;2735
CERQUILHO;1° Dose;2928
PALMITAL;1° Dose;2958
AGUAÍ;1° Dose;2973
PARIQUERA-AÇU;1° Dose;2798
MONTE APRAZÍVEL;1° Dose;2864
LOUVEIRA;1° Dose;2987
PEREIRA BARRETO;1° Dose;3122
PIEDADE;1° Dose;3671
SANTA CRUZ DAS PALMEIRAS;1° Dose;2984
APARECIDA;1° Dose;2976
VARGEM GRANDE PAULISTA;1° Dose;3067
JARDINÓPOLIS;1° Dose;3076
ELDORADO;1° Dose;2720
ITUPEVA;1° Dose;3318
IGUAPE;1° Dose;3407
MIRANDÓPOLIS;1° Dose;3100
CACHOEIRA PAULISTA;1° Dose;3392
CASA BRANCA;1° Dose;3209
SÃO PEDRO;1° Dose;3510
CÂNDIDO MOTA;1° Dose;3349
RANCHARIA;1° Dose;3506
SÃO MANUEL;1° Dose;3684
ILHA SOLTEIRA;1° Dose;3648
TANABI;1° Dose;3492
PARAGUAÇU PAULISTA;1° Dose;3648
ITARARÉ;1° Dose;3774
GUARARAPES;1° Dose;3662
ITUVERAVA;1° Dose;3441
BOITUVA;1° Dose;3744
PROMISSÃO;1° Dose;3723
PIRAJU;1° Dose;3891
AMÉRICO BRASILIENSE;1° Dose;3532
GUAÍRA;1° Dose;3694
SERRA NEGRA;1° Dose;3906
CAPÃO BONITO;1° Dose;4095
SANTA RITA DO PASSA QUATRO;1° Dose;3904
TIETÊ;1° Dose;3951
MONTE MOR;1° Dose;4337
NOVA ODESSA;1° Dose;4185
BARIRI;1° Dose;4079
MAIRINQUE;1° Dose;4177
PEDERNEIRAS;1° Dose;4094
JOSÉ BONIFÁCIO;1° Dose;3914
COSMÓPOLIS;1° Dose;4352
SALTO DE PIRAPORA;1° Dose;4187
ARTUR NOGUEIRA;1° Dose;4425
PRESIDENTE EPITÁCIO;1° Dose;4424
BERTIOGA;1° Dose;4204
JAGUARIÚNA;1° Dose;4350
OSVALDO CRUZ;1° Dose;4037
CAMPOS DO JORDÃO;1° Dose;4356
CAJAMAR;1° Dose;4772
BARRA BONITA;1° Dose;4593
PORTO FELIZ;1° Dose;4564
DESCALVADO;1° Dose;4628
PEDREIRA;1° Dose;4716
SANTA ISABEL;1° Dose;4774
ITÁPOLIS;1° Dose;4719
AGUDOS;1° Dose;4578
CAMPO LIMPO PAULISTA;1° Dose;4613
TREMEMBÉ;1° Dose;4338
CAPIVARI;1° Dose;4887
NOVO HORIZONTE;1° Dose;4767
BATATAIS;1° Dose;4595
SOCORRO;1° Dose;5380
GARÇA;1° Dose;4982
IBIÚNA;1° Dose;5357
MONGAGUÁ;1° Dose;5926
JANDIRA;1° Dose;5164
SÃO JOAQUIM DA BARRA;1° Dose;4918
PORTO FERREIRA;1° Dose;5870
ARUJÁ;1° Dose;5378
SANTA CRUZ DO RIO PARDO;1° Dose;5601
SANTA FÉ DO SUL;1° Dose;5421
VARGEM GRANDE DO SUL;1° Dose;5183
VOTORANTIM;1° Dose;5138
PRESIDENTE VENCESLAU;1° Dose;5678
ESPÍRITO SANTO DO PINHAL;1° Dose;5636
ADAMANTINA;1° Dose;5649
EMBU-GUAÇU;1° Dose;5498
SÃO JOSÉ DO RIO PARDO;1° Dose;6248
VÁRZEA PAULISTA;1° Dose;6303
LENÇÓIS PAULISTA;1° Dose;6137
IBITINGA;1° Dose;5993
MONTE ALTO;1° Dose;5908
MIRASSOL;1° Dose;6346
ITAPIRA;1° Dose;5829
REGISTRO;1° Dose;6143
SÃO SEBASTIÃO;1° Dose;6137
VINHEDO;1° Dose;6154
OLÍMPIA;1° Dose;6458
PERUÍBE;1° Dose;6959
CRUZEIRO;1° Dose;6476
POÁ;1° Dose;5907
ANDRADINA;1° Dose;6618
MAIRIPORÃ;1° Dose;7305
TAQUARITINGA;1° Dose;6762
BEBEDOURO;1° Dose;7092
CAIEIRAS;1° Dose;7372
CAÇAPAVA;1° Dose;7172
LORENA;1° Dose;7116
UBATUBA;1° Dose;7185
MATÃO;1° Dose;7571
SÃO ROQUE;1° Dose;7803
JALES;1° Dose;7648
DRACENA;1° Dose;7314
AMPARO;1° Dose;7819
PAULÍNIA;1° Dose;8139
MOCOCA;1° Dose;8196
PENÁPOLIS;1° Dose;8229
SANTANA DE PARNAÍBA;1° Dose;8695
JABOTICABAL;1° Dose;8750
ITAPEVA;1° Dose;9088
SALTO;1° Dose;8811
TUPÃ;1° Dose;9348
FRANCISCO MORATO;1° Dose;9405
CUBATÃO;1° Dose;9793
FERRAZ DE VASCONCELOS;1° Dose;9307
VALINHOS;1° Dose;10016
PIRASSUNUNGA;1° Dose;9543
LEME;1° Dose;9695
LINS;1° Dose;9698
SERTÃOZINHO;1° Dose;9758
BIRIGUI;1° Dose;10991
AVARÉ;1° Dose;10498
ITAPECERICA DA SERRA;1° Dose;10076
ITATIBA;1° Dose;10747
CARAGUATATUBA;1° Dose;10275
ITAPEVI;1° Dose;10512
MOGI MIRIM;1° Dose;10972
ITANHAÉM;1° Dose;11252
GUARATINGUETÁ;1° Dose;11634
FERNANDÓPOLIS;1° Dose;11170
RIBEIRÃO PIRES;1° Dose;11031
FRANCO DA ROCHA;1° Dose;12154
TATUÍ;1° Dose;12445
ITAQUAQUECETUBA;1° Dose;12563
COTIA;1° Dose;12303
ARARAS;1° Dose;13806
EMBU DAS ARTES;1° Dose;12354
OURINHOS;1° Dose;13796
ASSIS;1° Dose;13240
HORTOLÂNDIA;1° Dose;13411
PINDAMONHANGABA;1° Dose;13959
SANTA BÁRBARA D'OESTE;1° Dose;14687
VOTUPORANGA;1° Dose;14104
SÃO JOÃO DA BOA VISTA;1° Dose;14045
MOGI GUAÇU;1° Dose;14525
ITU;1° Dose;15902
ATIBAIA;1° Dose;16440
JAÚ;1° Dose;16066
BARRETOS;1° Dose;16068
ITAPETININGA;1° Dose;16629
BRAGANÇA PAULISTA;1° Dose;18378
CATANDUVA;1° Dose;18170
AMERICANA;1° Dose;19114
SUMARÉ;1° Dose;20590
CARAPICUÍBA;1° Dose;20991
TABOÃO DA SERRA;1° Dose;20442
LIMEIRA;1° Dose;24404
BOTUCATU;1° Dose;22187
SUZANO;1° Dose;22704
INDAIATUBA;1° Dose;24597
BARUERI;1° Dose;22287
GUARUJÁ;1° Dose;25179
JACAREÍ;1° Dose;23995
TAUBATÉ;1° Dose;27342
ARAÇATUBA;1° Dose;24459
RIO CLARO;1° Dose;25718
PRAIA GRANDE;1° Dose;27110
FRANCA;1° Dose;28307
DIADEMA;1° Dose;28409
MARÍLIA;1° Dose;27007
PRESIDENTE PRUDENTE;1° Dose;29006
SÃO CARLOS;1° Dose;30126
MAUÁ;1° Dose;29067
SÃO CAETANO DO SUL;1° Dose;30773
SÃO VICENTE;1° Dose;32480
ARARAQUARA;1° Dose;32576
MOGI DAS CRUZES;1° Dose;37471
PIRACICABA;1° Dose;39112
JUNDIAÍ;1° Dose;40975
SOROCABA;1° Dose;46432
OSASCO;1° Dose;55489
BAURU;1° Dose;50326
SÃO JOSÉ DO RIO PRETO;1° Dose;62240
SÃO JOSÉ DOS CAMPOS;1° Dose;71680
RIBEIRÃO PRETO;1° Dose;78498
SANTOS;1° Dose;76911
GUARULHOS;1° Dose;77198
SANTO ANDRÉ;1° Dose;78789
SÃO BERNARDO DO CAMPO;1° Dose;83406
CAMPINAS;1° Dose;134701
SÃO PAULO;1° Dose;1272568
